x_min,x_max,y_min,y_max,z_min,z_max
27.53179979587241,136.31947769852994,0.0,1.0,-0.7000000000000001,0.6083333333333335
