dataset,combo_id,lambda_g,learning_rate,fusion_hidden_dim,rkhs_proj_hidden_dim,weight_decay,rmse,brier,ece,tag
HT2009,3,0.3,0.0005,64,128,0.0001,0.3038829057136642,0.25681392003132225,0.09281635499999996,tune_ht2009_003
InVS15,3,0.3,0.0005,64,128,0.0001,0.17646928152051913,0.2231339910606767,0.12484296529411767,tune_invs15_003
Infectious,1,0.3,0.0005,64,64,0.0001,0.11498295746886986,0.5868767390783242,0.7100592118181818,tune_infectious_001
LyonSchool,0,0.3,0.0005,64,64,0.0,0.3872392628118719,0.27287918873241346,0.52237806,tune_lyonschool_000
Thiers13,2,0.3,0.0005,64,128,0.0,0.3313494928466549,0.2857657426852314,0.3000721377777778,tune_thiers13_002
