x_span,y_span,z_span
10.633939743041992,11.42182731628418,9.863256454467773
